,Unnamed: 0,loan_status,Principal,terms,effective_date,due_date,age,education,Gender,dayofweek
0,0,PAIDOFF,1000,30,2016-09-08,2016-10-07,45,High School or Below,male,3
1,1,PAIDOFF,1000,30,2016-09-08,2016-10-07,50,Bechalor,female,3
2,2,PAIDOFF,1000,30,2016-09-08,2016-10-07,33,Bechalor,female,3
3,3,PAIDOFF,1000,15,2016-09-08,2016-09-22,27,college,male,3
4,4,PAIDOFF,1000,30,2016-09-09,2016-10-08,28,college,female,4
5,5,PAIDOFF,300,7,2016-09-09,2016-09-15,35,Master or Above,male,4
6,6,PAIDOFF,1000,30,2016-09-09,2016-10-08,29,college,male,4
7,7,PAIDOFF,1000,30,2016-09-09,2016-10-08,36,college,male,4
8,8,PAIDOFF,1000,30,2016-09-09,2016-10-08,28,college,male,4
9,9,PAIDOFF,800,15,2016-09-10,2016-09-24,26,college,male,5
10,10,PAIDOFF,300,7,2016-09-10,2016-09-16,29,college,male,5
11,11,PAIDOFF,1000,15,2016-09-10,2016-10-09,39,High School or Below,male,5
12,12,PAIDOFF,1000,30,2016-09-10,2016-10-09,26,college,male,5
13,13,PAIDOFF,900,7,2016-09-10,2016-09-16,26,college,female,5
14,14,PAIDOFF,1000,7,2016-09-10,2016-09-16,27,High School or Below,male,5
15,15,PAIDOFF,800,15,2016-09-10,2016-09-24,26,college,male,5
16,16,PAIDOFF,1000,30,2016-09-10,2016-10-09,40,High School or Below,male,5
17,17,PAIDOFF,1000,15,2016-09-10,2016-09-24,32,High School or Below,male,5
18,18,PAIDOFF,1000,30,2016-09-10,2016-10-09,32,High School or Below,male,5
19,19,PAIDOFF,800,30,2016-09-10,2016-10-09,26,college,male,5
20,20,PAIDOFF,1000,30,2016-09-10,2016-10-09,26,college,male,5
21,21,PAIDOFF,1000,30,2016-09-10,2016-10-09,43,High School or Below,female,5
22,22,PAIDOFF,1000,30,2016-09-10,2016-10-09,25,High School or Below,male,5
23,23,PAIDOFF,1000,15,2016-09-10,2016-09-24,26,college,male,5
24,24,PAIDOFF,1000,30,2016-09-10,2016-10-09,26,college,male,5
25,25,PAIDOFF,1000,30,2016-09-10,2016-10-09,29,High School or Below,male,5
26,26,PAIDOFF,800,15,2016-09-10,2016-09-24,39,Bechalor,male,5
27,27,PAIDOFF,1000,15,2016-09-10,2016-09-24,34,Bechalor,male,5
28,28,PAIDOFF,1000,30,2016-09-11,2016-10-10,31,college,male,6
29,29,PAIDOFF,1000,30,2016-09-11,2016-10-10,33,college,male,6
30,30,PAIDOFF,800,15,2016-09-11,2016-09-25,33,High School or Below,male,6
31,31,PAIDOFF,1000,30,2016-09-11,2016-10-10,37,college,male,6
32,32,PAIDOFF,1000,30,2016-09-11,2016-10-10,27,college,male,6
33,33,PAIDOFF,1000,30,2016-09-11,2016-10-10,37,college,male,6
34,34,PAIDOFF,800,15,2016-09-11,2016-09-25,33,college,male,6
35,35,PAIDOFF,800,15,2016-09-11,2016-09-25,29,Bechalor,male,6
36,36,PAIDOFF,1000,30,2016-09-11,2016-10-10,27,High School or Below,male,6
37,37,PAIDOFF,700,15,2016-09-11,2016-09-25,33,High School or Below,male,6
38,38,PAIDOFF,1000,15,2016-09-11,2016-09-25,24,college,male,6
39,39,PAIDOFF,1000,30,2016-09-11,2016-10-10,21,Bechalor,male,6
40,40,PAIDOFF,1000,15,2016-09-11,2016-09-25,32,college,female,6
41,41,PAIDOFF,800,15,2016-09-11,2016-09-25,30,college,male,6
42,42,PAIDOFF,1000,7,2016-09-11,2016-09-24,31,Bechalor,male,6
43,43,PAIDOFF,1000,15,2016-09-11,2016-09-25,30,college,male,6
44,44,PAIDOFF,1000,15,2016-09-11,2016-09-25,24,Bechalor,female,6
45,45,PAIDOFF,800,7,2016-09-11,2016-09-17,35,High School or Below,male,6
46,46,PAIDOFF,1000,30,2016-09-11,2016-10-10,22,High School or Below,male,6
47,47,PAIDOFF,1000,30,2016-09-11,2016-10-10,32,college,male,6
48,48,PAIDOFF,1000,30,2016-09-11,2016-10-10,32,Bechalor,male,6
49,49,PAIDOFF,800,15,2016-09-11,2016-09-25,50,High School or Below,male,6
50,50,PAIDOFF,800,15,2016-09-11,2016-09-25,27,college,female,6
51,51,PAIDOFF,1000,30,2016-09-11,2016-10-10,35,Bechalor,female,6
52,52,PAIDOFF,800,15,2016-09-11,2016-09-25,35,Bechalor,female,6
53,53,PAIDOFF,1000,30,2016-09-11,2016-10-10,34,High School or Below,male,6
54,54,PAIDOFF,1000,30,2016-09-11,2016-10-10,21,High School or Below,male,6
55,55,PAIDOFF,1000,15,2016-09-11,2016-09-25,25,college,male,6
56,56,PAIDOFF,1000,30,2016-09-11,2016-10-10,27,High School or Below,male,6
57,57,PAIDOFF,1000,30,2016-09-11,2016-10-10,26,Bechalor,male,6
58,58,PAIDOFF,800,15,2016-09-11,2016-09-25,44,High School or Below,female,6
59,59,PAIDOFF,800,15,2016-09-11,2016-09-25,39,Master or Above,male,6
60,60,PAIDOFF,1000,30,2016-09-11,2016-10-10,34,Bechalor,male,6
61,61,PAIDOFF,1000,15,2016-09-11,2016-09-25,37,college,male,6
62,62,PAIDOFF,1000,30,2016-09-11,2016-10-10,34,High School or Below,male,6
63,63,PAIDOFF,1000,30,2016-09-11,2016-10-10,45,college,male,6
64,64,PAIDOFF,800,15,2016-09-11,2016-09-25,24,High School or Below,male,6
65,65,PAIDOFF,900,15,2016-09-11,2016-09-25,28,college,male,6
66,66,PAIDOFF,1000,30,2016-09-11,2016-10-10,28,Bechalor,male,6
67,67,PAIDOFF,1000,30,2016-09-11,2016-10-10,37,High School or Below,male,6
68,68,PAIDOFF,300,7,2016-09-11,2016-09-17,35,college,male,6
69,69,PAIDOFF,1000,30,2016-09-11,2016-10-10,43,Bechalor,male,6
70,70,PAIDOFF,800,15,2016-09-11,2016-09-25,29,college,male,6
71,71,PAIDOFF,800,15,2016-09-11,2016-09-25,29,High School or Below,male,6
72,72,PAIDOFF,1000,30,2016-09-11,2016-10-10,33,Bechalor,female,6
73,73,PAIDOFF,1000,15,2016-09-11,2016-09-25,34,college,male,6
74,74,PAIDOFF,1000,15,2016-09-11,2016-09-25,25,college,male,6
75,75,PAIDOFF,1000,30,2016-09-11,2016-10-10,30,High School or Below,male,6
76,76,PAIDOFF,1000,30,2016-09-11,2016-10-10,31,Bechalor,male,6
77,77,PAIDOFF,1000,30,2016-09-11,2016-10-10,35,college,male,6
78,78,PAIDOFF,1000,30,2016-09-11,2016-10-10,37,college,female,6
79,79,PAIDOFF,1000,30,2016-09-11,2016-10-10,44,High School or Below,female,6
80,80,PAIDOFF,1000,30,2016-09-11,2016-10-10,28,High School or Below,male,6
81,81,PAIDOFF,1000,7,2016-09-11,2016-09-17,25,college,male,6
82,82,PAIDOFF,1000,15,2016-09-11,2016-09-25,29,college,male,6
83,83,PAIDOFF,800,15,2016-09-11,2016-09-25,33,college,male,6
84,84,PAIDOFF,1000,30,2016-09-11,2016-10-10,37,High School or Below,female,6
85,85,PAIDOFF,1000,30,2016-09-11,2016-11-09,33,college,male,6
86,86,PAIDOFF,1000,30,2016-09-11,2016-10-10,24,High School or Below,female,6
87,87,PAIDOFF,1000,30,2016-09-11,2016-10-10,27,college,female,6
88,88,PAIDOFF,800,15,2016-09-11,2016-09-25,43,Bechalor,male,6
89,89,PAIDOFF,800,15,2016-09-11,2016-09-25,46,High School or Below,female,6
90,90,PAIDOFF,800,15,2016-09-11,2016-09-25,34,college,female,6
91,91,PAIDOFF,1000,7,2016-09-11,2016-09-17,32,Bechalor,female,6
92,92,PAIDOFF,800,15,2016-09-11,2016-09-25,38,High School or Below,male,6
93,93,PAIDOFF,800,15,2016-09-11,2016-09-25,27,High School or Below,male,6
94,94,PAIDOFF,1000,30,2016-09-11,2016-10-10,33,High School or Below,male,6
95,95,PAIDOFF,1000,30,2016-09-11,2016-10-10,36,college,male,6
96,96,PAIDOFF,1000,15,2016-09-11,2016-09-25,26,High School or Below,male,6
97,97,PAIDOFF,1000,30,2016-09-11,2016-10-10,34,college,male,6
98,98,PAIDOFF,1000,30,2016-09-11,2016-10-10,22,High School or Below,male,6
99,99,PAIDOFF,1000,30,2016-09-11,2016-10-10,31,Bechalor,female,6
100,100,PAIDOFF,1000,7,2016-09-11,2016-09-17,29,High School or Below,male,6
101,101,PAIDOFF,800,15,2016-09-11,2016-09-25,38,college,male,6
102,102,PAIDOFF,1000,30,2016-09-11,2016-10-10,30,college,male,6
103,103,PAIDOFF,1000,15,2016-09-11,2016-09-25,45,High School or Below,male,6
104,104,PAIDOFF,1000,15,2016-09-11,2016-09-25,35,college,male,6
105,105,PAIDOFF,1000,30,2016-09-11,2016-10-10,30,college,male,6
106,106,PAIDOFF,1000,30,2016-09-11,2016-10-10,31,High School or Below,male,6
107,107,PAIDOFF,1000,30,2016-09-11,2016-10-10,31,High School or Below,male,6
108,108,PAIDOFF,1000,30,2016-09-11,2016-10-10,28,college,male,6
109,109,PAIDOFF,1000,7,2016-09-11,2016-09-24,29,college,male,6
110,110,PAIDOFF,800,15,2016-09-11,2016-09-25,29,college,male,6
111,111,PAIDOFF,1000,30,2016-09-11,2016-11-09,27,college,female,6
112,112,PAIDOFF,1000,30,2016-09-11,2016-10-10,27,college,male,6
113,113,PAIDOFF,1000,30,2016-09-11,2016-10-10,33,college,male,6
114,114,PAIDOFF,1000,30,2016-09-11,2016-10-10,28,college,male,6
115,115,PAIDOFF,1000,15,2016-09-11,2016-09-25,25,High School or Below,male,6
116,116,PAIDOFF,1000,30,2016-09-11,2016-10-10,40,college,male,6
117,117,PAIDOFF,1000,30,2016-09-11,2016-10-10,23,High School or Below,male,6
118,118,PAIDOFF,1000,30,2016-09-11,2016-10-10,35,Bechalor,male,6
119,119,PAIDOFF,800,15,2016-09-11,2016-09-25,24,college,male,6
120,120,PAIDOFF,1000,30,2016-09-11,2016-10-10,34,college,male,6
121,121,PAIDOFF,1000,30,2016-09-11,2016-10-10,22,High School or Below,male,6
122,122,PAIDOFF,1000,15,2016-09-11,2016-10-25,20,college,male,6
123,123,PAIDOFF,1000,15,2016-09-11,2016-09-25,23,college,male,6
124,124,PAIDOFF,1000,30,2016-09-11,2016-10-10,33,college,male,6
125,125,PAIDOFF,1000,30,2016-09-11,2016-10-10,26,college,male,6
126,126,PAIDOFF,1000,15,2016-09-11,2016-09-25,28,High School or Below,male,6
127,127,PAIDOFF,800,15,2016-09-11,2016-09-25,43,High School or Below,male,6
128,128,PAIDOFF,1000,15,2016-09-11,2016-09-25,34,Bechalor,male,6
129,129,PAIDOFF,1000,30,2016-09-11,2016-10-10,38,Bechalor,male,6
130,130,PAIDOFF,1000,15,2016-09-11,2016-09-25,26,High School or Below,male,6
131,131,PAIDOFF,800,15,2016-09-11,2016-09-25,43,High School or Below,male,6
132,132,PAIDOFF,1000,30,2016-09-11,2016-10-10,26,High School or Below,male,6
133,133,PAIDOFF,1000,30,2016-09-11,2016-10-10,33,college,female,6
134,134,PAIDOFF,800,15,2016-09-11,2016-09-25,24,college,male,6
135,135,PAIDOFF,1000,30,2016-09-11,2016-10-10,30,High School or Below,male,6
136,136,PAIDOFF,800,15,2016-09-11,2016-09-25,32,High School or Below,female,6
137,137,PAIDOFF,1000,15,2016-09-11,2016-10-25,22,college,male,6
138,138,PAIDOFF,1000,15,2016-09-11,2016-09-25,47,High School or Below,male,6
139,139,PAIDOFF,1000,30,2016-09-11,2016-10-10,20,High School or Below,male,6
140,140,PAIDOFF,1000,30,2016-09-11,2016-10-10,28,High School or Below,male,6
141,141,PAIDOFF,800,15,2016-09-11,2016-09-25,35,college,male,6
142,142,PAIDOFF,1000,7,2016-09-11,2016-09-17,27,High School or Below,male,6
143,143,PAIDOFF,800,15,2016-09-11,2016-09-25,33,college,female,6
144,144,PAIDOFF,1000,30,2016-09-11,2016-10-10,30,High School or Below,male,6
145,145,PAIDOFF,1000,15,2016-09-11,2016-09-25,31,college,male,6
146,146,PAIDOFF,1000,30,2016-09-11,2016-11-09,26,college,female,6
147,147,PAIDOFF,300,7,2016-09-12,2016-09-18,37,Master or Above,male,0
148,148,PAIDOFF,1000,15,2016-09-12,2016-09-26,26,Bechalor,male,0
149,149,PAIDOFF,800,15,2016-09-12,2016-09-26,35,Bechalor,male,0
150,150,PAIDOFF,1000,15,2016-09-12,2016-10-26,29,college,male,0
151,151,PAIDOFF,800,15,2016-09-12,2016-09-26,23,college,male,0
152,152,PAIDOFF,500,15,2016-09-12,2016-09-26,23,college,female,0
153,153,PAIDOFF,1000,15,2016-09-12,2016-09-26,30,college,male,0
154,154,PAIDOFF,1000,30,2016-09-12,2016-10-11,34,college,male,0
155,155,PAIDOFF,1000,30,2016-09-12,2016-10-11,36,High School or Below,female,0
156,156,PAIDOFF,1000,15,2016-09-12,2016-09-26,26,Bechalor,male,0
157,157,PAIDOFF,800,15,2016-09-12,2016-09-26,29,High School or Below,male,0
158,158,PAIDOFF,1000,15,2016-09-12,2016-09-26,28,college,female,0
159,159,PAIDOFF,1000,30,2016-09-12,2016-10-11,27,High School or Below,male,0
160,160,PAIDOFF,1000,15,2016-09-12,2016-09-26,24,High School or Below,male,0
161,161,PAIDOFF,800,15,2016-09-12,2016-09-26,31,Bechalor,male,0
162,162,PAIDOFF,1000,30,2016-09-12,2016-10-11,28,High School or Below,male,0
163,163,PAIDOFF,1000,15,2016-09-12,2016-09-26,27,college,female,0
164,164,PAIDOFF,1000,15,2016-09-12,2016-09-26,25,High School or Below,male,0
165,165,PAIDOFF,1000,30,2016-09-12,2016-11-10,24,High School or Below,male,0
166,166,PAIDOFF,1000,30,2016-09-12,2016-10-11,28,college,male,0
167,167,PAIDOFF,800,30,2016-09-12,2016-10-11,28,college,male,0
168,168,PAIDOFF,1000,15,2016-09-12,2016-09-26,35,High School or Below,male,0
169,169,PAIDOFF,1000,30,2016-09-12,2016-10-11,38,college,male,0
170,170,PAIDOFF,1000,15,2016-09-12,2016-09-26,38,High School or Below,male,0
171,171,PAIDOFF,1000,30,2016-09-12,2016-10-11,29,college,male,0
172,172,PAIDOFF,800,15,2016-09-12,2016-09-26,35,High School or Below,male,0
173,173,PAIDOFF,1000,30,2016-09-12,2016-10-11,24,college,male,0
174,174,PAIDOFF,800,15,2016-09-12,2016-09-26,39,High School or Below,male,0
175,175,PAIDOFF,800,15,2016-09-12,2016-09-26,25,college,male,0
176,176,PAIDOFF,1000,30,2016-09-12,2016-10-11,38,High School or Below,male,0
177,177,PAIDOFF,1000,30,2016-09-12,2016-10-11,30,college,male,0
178,178,PAIDOFF,1000,30,2016-09-12,2016-10-11,21,High School or Below,male,0
179,179,PAIDOFF,1000,30,2016-09-12,2016-10-11,46,college,male,0
180,180,PAIDOFF,1000,15,2016-09-12,2016-09-26,31,High School or Below,female,0
181,181,PAIDOFF,300,7,2016-09-12,2016-09-18,29,High School or Below,male,0
182,182,PAIDOFF,1000,30,2016-09-12,2016-10-11,35,High School or Below,male,0
183,183,PAIDOFF,800,15,2016-09-12,2016-09-26,30,High School or Below,male,0
184,184,PAIDOFF,1000,30,2016-09-12,2016-10-11,27,High School or Below,male,0
185,185,PAIDOFF,1000,30,2016-09-12,2016-10-11,31,High School or Below,female,0
186,186,PAIDOFF,1000,30,2016-09-12,2016-10-11,33,Bechalor,male,0
187,187,PAIDOFF,1000,15,2016-09-12,2016-09-26,34,High School or Below,male,0
188,188,PAIDOFF,800,15,2016-09-12,2016-09-26,28,college,male,0
189,189,PAIDOFF,800,15,2016-09-12,2016-09-26,42,college,male,0
190,190,PAIDOFF,1000,30,2016-09-12,2016-10-11,32,college,male,0
191,191,PAIDOFF,1000,30,2016-09-12,2016-10-11,30,High School or Below,male,0
192,192,PAIDOFF,1000,15,2016-09-12,2016-09-26,25,High School or Below,female,0
193,193,PAIDOFF,1000,30,2016-09-12,2016-10-11,27,High School or Below,female,0
194,194,PAIDOFF,800,15,2016-09-12,2016-09-26,21,college,male,0
195,195,PAIDOFF,1000,30,2016-09-12,2016-10-11,24,college,male,0
196,196,PAIDOFF,1000,30,2016-09-12,2016-11-10,29,college,male,0
197,197,PAIDOFF,1000,15,2016-09-12,2016-09-26,40,college,male,0
198,198,PAIDOFF,1000,30,2016-09-12,2016-10-11,29,High School or Below,male,0
199,199,PAIDOFF,1000,30,2016-09-12,2016-10-11,29,college,male,0
200,200,PAIDOFF,1000,15,2016-09-12,2016-09-26,30,college,male,0
201,201,PAIDOFF,1000,30,2016-09-12,2016-10-11,26,High School or Below,female,0
202,202,PAIDOFF,1000,15,2016-09-12,2016-09-26,36,High School or Below,male,0
203,203,PAIDOFF,800,15,2016-09-12,2016-09-26,27,college,male,0
204,204,PAIDOFF,1000,30,2016-09-12,2016-10-11,20,college,male,0
205,205,PAIDOFF,1000,7,2016-09-12,2016-09-18,26,Bechalor,female,0
206,206,PAIDOFF,1000,30,2016-09-12,2016-11-10,26,college,male,0
207,207,PAIDOFF,1000,30,2016-09-12,2016-10-11,27,college,male,0
208,208,PAIDOFF,300,7,2016-09-12,2016-09-18,23,High School or Below,male,0
209,209,PAIDOFF,1000,30,2016-09-12,2016-10-11,39,High School or Below,male,0
210,210,PAIDOFF,1000,15,2016-09-12,2016-09-26,27,High School or Below,male,0
211,211,PAIDOFF,1000,30,2016-09-12,2016-10-11,30,High School or Below,male,0
212,212,PAIDOFF,1000,30,2016-09-12,2016-10-11,33,High School or Below,female,0
213,213,PAIDOFF,1000,30,2016-09-12,2016-10-11,27,High School or Below,male,0
214,214,PAIDOFF,1000,30,2016-09-12,2016-10-11,35,High School or Below,male,0
215,215,PAIDOFF,1000,30,2016-09-12,2016-11-10,29,college,female,0
216,216,PAIDOFF,1000,15,2016-09-12,2016-09-26,50,High School or Below,male,0
217,217,PAIDOFF,800,15,2016-09-12,2016-09-26,31,High School or Below,female,0
218,218,PAIDOFF,1000,15,2016-09-12,2016-09-26,31,High School or Below,male,0
219,219,PAIDOFF,1000,30,2016-09-12,2016-10-11,29,High School or Below,male,0
220,220,PAIDOFF,1000,15,2016-09-12,2016-09-26,35,college,male,0
221,221,PAIDOFF,1000,30,2016-09-12,2016-10-11,39,college,male,0
222,222,PAIDOFF,1000,30,2016-09-12,2016-11-10,29,college,male,0
223,223,PAIDOFF,1000,15,2016-09-12,2016-09-26,30,High School or Below,male,0
224,224,PAIDOFF,1000,30,2016-09-12,2016-10-11,33,Bechalor,male,0
225,225,PAIDOFF,1000,30,2016-09-12,2016-10-11,26,High School or Below,male,0
226,226,PAIDOFF,1000,15,2016-09-12,2016-09-26,25,High School or Below,male,0
227,227,PAIDOFF,800,15,2016-09-12,2016-09-26,37,Bechalor,male,0
228,228,PAIDOFF,800,15,2016-09-12,2016-09-26,26,High School or Below,male,0
229,229,PAIDOFF,800,15,2016-09-12,2016-09-26,26,college,male,0
230,230,PAIDOFF,1000,15,2016-09-12,2016-10-26,27,college,male,0
231,231,PAIDOFF,1000,7,2016-09-12,2016-09-25,34,college,female,0
232,232,PAIDOFF,1000,30,2016-09-12,2016-10-11,37,college,male,0
233,233,PAIDOFF,1000,30,2016-09-12,2016-10-11,36,High School or Below,male,0
234,234,PAIDOFF,800,15,2016-09-12,2016-09-26,33,High School or Below,male,0
235,235,PAIDOFF,1000,30,2016-09-12,2016-10-11,30,High School or Below,male,0
236,236,PAIDOFF,1000,30,2016-09-12,2016-10-11,30,college,male,0
237,237,PAIDOFF,800,15,2016-09-12,2016-09-26,36,High School or Below,male,0
238,238,PAIDOFF,1000,15,2016-09-12,2016-10-11,29,college,male,0
239,239,PAIDOFF,1000,15,2016-09-12,2016-09-26,36,High School or Below,male,0
240,240,PAIDOFF,1000,30,2016-09-12,2016-10-11,32,High School or Below,male,0
241,241,PAIDOFF,1000,15,2016-09-12,2016-09-26,29,High School or Below,female,0
242,242,PAIDOFF,800,15,2016-09-12,2016-09-26,36,Bechalor,male,0
243,243,PAIDOFF,800,15,2016-09-12,2016-09-26,30,High School or Below,female,0
244,244,PAIDOFF,1000,7,2016-09-13,2016-09-19,31,college,male,1
245,245,PAIDOFF,1000,30,2016-09-13,2016-10-12,19,High School or Below,female,1
246,246,PAIDOFF,800,15,2016-09-13,2016-09-27,26,college,male,1
247,247,PAIDOFF,800,15,2016-09-13,2016-09-27,34,High School or Below,male,1
248,248,PAIDOFF,1000,30,2016-09-13,2016-10-12,35,High School or Below,male,1
249,249,PAIDOFF,1000,15,2016-09-13,2016-09-27,35,Bechalor,female,1
250,250,PAIDOFF,800,15,2016-09-13,2016-09-27,38,college,male,1
251,251,PAIDOFF,1000,30,2016-09-13,2016-10-12,29,college,male,1
252,252,PAIDOFF,1000,30,2016-09-13,2016-10-12,28,High School or Below,male,1
253,253,PAIDOFF,500,7,2016-09-13,2016-09-19,22,High School or Below,male,1
254,254,PAIDOFF,1000,30,2016-09-13,2016-10-12,32,college,male,1
255,255,PAIDOFF,1000,30,2016-09-13,2016-10-12,31,college,male,1
256,256,PAIDOFF,800,15,2016-09-13,2016-09-27,28,college,male,1
257,257,PAIDOFF,1000,15,2016-09-13,2016-09-27,37,college,female,1
258,258,PAIDOFF,1000,7,2016-09-13,2016-09-19,25,college,male,1
259,259,PAIDOFF,1000,30,2016-09-13,2016-10-12,19,High School or Below,male,1
260,260,PAIDOFF,800,15,2016-09-13,2016-09-27,51,college,male,1
261,261,PAIDOFF,1000,15,2016-09-13,2016-09-27,29,High School or Below,male,1
262,262,PAIDOFF,800,30,2016-09-13,2016-10-12,23,college,female,1
263,263,PAIDOFF,1000,15,2016-09-13,2016-09-27,30,High School or Below,male,1
264,264,PAIDOFF,800,15,2016-09-13,2016-09-27,23,college,male,1
265,265,PAIDOFF,1000,15,2016-09-13,2016-09-27,34,Bechalor,female,1
266,266,PAIDOFF,800,15,2016-09-13,2016-09-27,31,Bechalor,female,1
267,267,PAIDOFF,1000,15,2016-09-14,2016-09-28,24,High School or Below,male,2
268,268,PAIDOFF,1000,30,2016-09-14,2016-10-13,42,High School or Below,male,2
269,269,PAIDOFF,800,30,2016-09-14,2016-10-13,40,college,female,2
270,270,PAIDOFF,1000,30,2016-09-14,2016-10-13,29,High School or Below,male,2
271,271,PAIDOFF,1000,30,2016-09-14,2016-10-13,32,college,female,2
272,272,PAIDOFF,1000,30,2016-09-14,2016-11-12,28,college,male,2
273,273,PAIDOFF,1000,30,2016-09-14,2016-10-13,35,High School or Below,male,2
274,274,PAIDOFF,1000,30,2016-09-14,2016-10-13,30,Bechalor,male,2
275,275,PAIDOFF,800,15,2016-09-14,2016-09-28,44,college,male,2
276,276,PAIDOFF,800,15,2016-09-14,2016-09-28,37,High School or Below,male,2
277,277,PAIDOFF,1000,30,2016-09-14,2016-10-13,31,college,male,2
278,278,PAIDOFF,800,15,2016-09-14,2016-09-28,36,college,male,2
279,279,PAIDOFF,800,30,2016-09-14,2016-10-13,31,college,male,2
280,280,PAIDOFF,800,15,2016-09-14,2016-09-28,42,High School or Below,male,2
281,281,PAIDOFF,1000,15,2016-09-14,2016-09-28,28,Bechalor,male,2
282,282,PAIDOFF,1000,30,2016-09-14,2016-10-13,30,college,male,2
283,283,PAIDOFF,1000,30,2016-09-14,2016-10-13,30,High School or Below,male,2
284,284,PAIDOFF,1000,15,2016-09-14,2016-09-28,24,Bechalor,male,2
285,285,PAIDOFF,1000,30,2016-09-14,2016-11-12,34,Bechalor,male,2
286,286,PAIDOFF,1000,30,2016-09-14,2016-10-13,29,college,male,2
287,287,PAIDOFF,1000,30,2016-09-14,2016-10-13,38,High School or Below,female,2
288,288,PAIDOFF,1000,30,2016-09-14,2016-10-13,34,Bechalor,male,2
289,289,PAIDOFF,800,15,2016-09-14,2016-09-28,28,High School or Below,male,2
290,290,PAIDOFF,1000,15,2016-09-14,2016-09-28,30,college,female,2
291,291,PAIDOFF,1000,30,2016-09-14,2016-10-13,41,High School or Below,male,2
292,292,PAIDOFF,1000,30,2016-09-14,2016-10-13,29,college,male,2
293,293,PAIDOFF,1000,30,2016-09-14,2016-10-13,37,High School or Below,male,2
294,294,PAIDOFF,1000,30,2016-09-14,2016-10-13,36,Bechalor,male,2
295,295,PAIDOFF,1000,30,2016-09-14,2016-10-13,30,college,female,2
296,296,PAIDOFF,800,15,2016-09-14,2016-09-28,27,college,male,2
297,297,PAIDOFF,1000,30,2016-09-14,2016-10-13,29,High School or Below,male,2
298,298,PAIDOFF,1000,30,2016-09-14,2016-10-13,40,High School or Below,male,2
299,299,PAIDOFF,1000,30,2016-09-14,2016-10-13,28,college,male,2
300,300,COLLECTION,1000,15,2016-09-09,2016-09-23,29,college,male,4
301,301,COLLECTION,1000,30,2016-09-09,2016-10-08,37,High School or Below,male,4
302,302,COLLECTION,1000,30,2016-09-09,2016-10-08,33,High School or Below,male,4
303,303,COLLECTION,800,15,2016-09-09,2016-09-23,27,college,male,4
304,304,COLLECTION,800,15,2016-09-09,2016-09-23,24,Bechalor,male,4
305,305,COLLECTION,1000,15,2016-09-10,2016-09-24,31,High School or Below,female,5
306,306,COLLECTION,800,15,2016-09-10,2016-10-09,28,college,male,5
307,307,COLLECTION,1000,30,2016-09-10,2016-10-09,40,High School or Below,male,5
308,308,COLLECTION,1000,30,2016-09-10,2016-10-09,33,college,male,5
309,309,COLLECTION,800,15,2016-09-10,2016-09-24,41,college,male,5
310,310,COLLECTION,1000,30,2016-09-10,2016-10-09,30,college,male,5
311,311,COLLECTION,800,15,2016-09-10,2016-09-24,26,High School or Below,female,5
312,312,COLLECTION,1000,30,2016-09-10,2016-10-09,27,High School or Below,male,5
313,313,COLLECTION,1000,30,2016-09-10,2016-10-09,20,High School or Below,male,5
314,314,COLLECTION,1000,30,2016-09-10,2016-10-09,24,college,male,5
315,315,COLLECTION,1000,15,2016-09-10,2016-10-09,26,High School or Below,male,5
316,316,COLLECTION,1000,30,2016-09-10,2016-10-09,30,High School or Below,male,5
317,317,COLLECTION,1000,15,2016-09-10,2016-09-24,29,High School or Below,male,5
318,318,COLLECTION,1000,30,2016-09-10,2016-10-09,22,Bechalor,male,5
319,319,COLLECTION,1000,15,2016-09-10,2016-09-24,24,Bechalor,male,5
320,320,COLLECTION,1000,30,2016-09-10,2016-10-09,25,college,male,5
321,321,COLLECTION,1000,30,2016-09-10,2016-10-09,28,High School or Below,male,5
322,322,COLLECTION,1000,30,2016-09-10,2016-10-09,37,college,male,5
323,323,COLLECTION,800,15,2016-09-10,2016-09-24,32,college,male,5
324,324,COLLECTION,1000,15,2016-09-10,2016-09-24,34,college,male,5
325,325,COLLECTION,1000,30,2016-09-11,2016-10-10,28,Bechalor,male,6
326,326,COLLECTION,800,15,2016-09-11,2016-09-25,35,Bechalor,male,6
327,327,COLLECTION,1000,30,2016-09-11,2016-11-09,27,college,male,6
328,328,COLLECTION,1000,30,2016-09-11,2016-10-10,24,High School or Below,female,6
329,329,COLLECTION,1000,30,2016-09-11,2016-10-10,44,Bechalor,male,6
330,330,COLLECTION,1000,15,2016-09-11,2016-10-25,31,college,male,6
331,331,COLLECTION,800,15,2016-09-11,2016-09-25,27,college,male,6
332,332,COLLECTION,1000,30,2016-09-11,2016-10-10,21,High School or Below,male,6
333,333,COLLECTION,1000,30,2016-09-11,2016-10-10,30,High School or Below,female,6
334,334,COLLECTION,1000,30,2016-09-11,2016-10-10,38,college,female,6
335,335,COLLECTION,1000,30,2016-09-11,2016-10-10,34,High School or Below,male,6
336,336,COLLECTION,1000,30,2016-09-11,2016-10-10,31,college,male,6
337,337,COLLECTION,1000,30,2016-09-11,2016-10-10,23,High School or Below,male,6
338,338,COLLECTION,1000,15,2016-09-11,2016-09-25,27,college,female,6
339,339,COLLECTION,1000,15,2016-09-11,2016-09-25,39,High School or Below,male,6
340,340,COLLECTION,1000,30,2016-09-11,2016-10-10,30,High School or Below,female,6
341,341,COLLECTION,1000,30,2016-09-11,2016-10-10,25,college,male,6
342,342,COLLECTION,1000,15,2016-09-11,2016-09-25,50,Master or Above,male,6
343,343,COLLECTION,1000,30,2016-09-11,2016-10-10,23,High School or Below,male,6
344,344,COLLECTION,800,15,2016-09-11,2016-09-25,38,Bechalor,male,6
345,345,COLLECTION,1000,30,2016-09-11,2016-10-10,27,High School or Below,male,6
346,346,COLLECTION,1000,30,2016-09-11,2016-11-09,31,High School or Below,male,6
347,347,COLLECTION,800,15,2016-09-11,2016-09-25,40,college,male,6
348,348,COLLECTION,1000,30,2016-09-11,2016-10-10,32,High School or Below,male,6
349,349,COLLECTION,800,15,2016-09-11,2016-09-25,29,college,male,6
350,350,COLLECTION,1000,30,2016-09-11,2016-10-10,26,High School or Below,male,6
351,351,COLLECTION,1000,15,2016-09-11,2016-09-25,25,college,male,6
352,352,COLLECTION,1000,30,2016-09-11,2016-10-10,35,High School or Below,male,6
353,353,COLLECTION,1000,30,2016-09-11,2016-10-10,41,High School or Below,male,6
354,354,COLLECTION,1000,30,2016-09-11,2016-10-10,37,High School or Below,male,6
355,355,COLLECTION,1000,15,2016-09-11,2016-10-10,34,college,male,6
356,356,COLLECTION,1000,30,2016-09-11,2016-10-10,45,High School or Below,male,6
357,357,COLLECTION,1000,30,2016-09-11,2016-10-10,26,Bechalor,male,6
358,358,COLLECTION,1000,30,2016-09-11,2016-10-10,32,college,male,6
359,359,COLLECTION,1000,30,2016-09-11,2016-10-10,28,High School or Below,male,6
360,360,COLLECTION,1000,30,2016-09-11,2016-10-10,34,college,male,6
361,361,COLLECTION,800,15,2016-09-11,2016-09-25,29,High School or Below,male,6
362,362,COLLECTION,1000,30,2016-09-11,2016-10-10,26,High School or Below,male,6
363,363,COLLECTION,1000,15,2016-09-11,2016-09-25,26,college,male,6
364,364,COLLECTION,800,15,2016-09-11,2016-09-25,22,college,male,6
365,365,COLLECTION,1000,30,2016-09-11,2016-10-10,27,High School or Below,female,6
366,366,COLLECTION,800,30,2016-09-11,2016-10-10,33,High School or Below,male,6
367,367,COLLECTION,800,15,2016-09-11,2016-09-25,28,Bechalor,male,6
368,368,COLLECTION,1000,30,2016-09-11,2016-10-10,24,college,male,6
369,369,COLLECTION,1000,30,2016-09-11,2016-10-10,37,High School or Below,male,6
370,370,COLLECTION,800,15,2016-09-11,2016-09-25,36,High School or Below,male,6
371,371,COLLECTION,1000,30,2016-09-11,2016-10-10,18,college,male,6
372,372,COLLECTION,800,15,2016-09-11,2016-09-25,25,High School or Below,male,6
373,373,COLLECTION,1000,15,2016-09-11,2016-09-25,40,High School or Below,male,6
374,374,COLLECTION,1000,30,2016-09-11,2016-10-10,29,college,male,6
375,375,COLLECTION,800,15,2016-09-11,2016-09-25,26,High School or Below,female,6
376,376,COLLECTION,1000,15,2016-09-11,2016-09-25,30,college,male,6
377,377,COLLECTION,1000,30,2016-09-11,2016-10-10,33,college,male,6
378,378,COLLECTION,1000,30,2016-09-11,2016-10-10,30,college,male,6
379,379,COLLECTION,1000,30,2016-09-11,2016-10-10,32,college,male,6
380,380,COLLECTION,1000,30,2016-09-11,2016-10-10,25,High School or Below,male,6
381,381,COLLECTION,800,15,2016-09-11,2016-09-25,35,High School or Below,male,6
382,382,COLLECTION,1000,15,2016-09-11,2016-09-25,30,Bechalor,male,6
383,383,COLLECTION,1000,30,2016-09-11,2016-10-10,26,High School or Below,male,6
384,384,COLLECTION,1000,30,2016-09-11,2016-10-10,29,High School or Below,male,6
385,385,COLLECTION,1000,30,2016-09-11,2016-11-09,26,High School or Below,male,6
386,386,COLLECTION,800,15,2016-09-11,2016-09-25,46,High School or Below,male,6
387,387,COLLECTION,1000,30,2016-09-11,2016-10-10,36,High School or Below,male,6
388,388,COLLECTION,1000,15,2016-09-11,2016-09-25,38,Bechalor,male,6
389,389,COLLECTION,1000,15,2016-09-11,2016-10-25,32,High School or Below,male,6
390,390,COLLECTION,1000,15,2016-09-11,2016-09-25,30,college,male,6
391,391,COLLECTION,800,15,2016-09-11,2016-09-25,35,High School or Below,male,6
392,392,COLLECTION,1000,30,2016-09-11,2016-10-10,29,college,female,6
393,393,COLLECTION,1000,30,2016-09-11,2016-11-09,26,college,male,6
394,394,COLLECTION,800,15,2016-09-11,2016-09-25,32,High School or Below,male,6
395,395,COLLECTION,1000,30,2016-09-11,2016-10-10,25,High School or Below,male,6
396,396,COLLECTION,1000,30,2016-09-12,2016-10-11,33,High School or Below,male,0
397,397,COLLECTION,800,15,2016-09-12,2016-09-26,39,college,male,0
398,398,COLLECTION,1000,30,2016-09-12,2016-11-10,28,college,male,0
399,399,COLLECTION,1000,30,2016-09-12,2016-10-11,26,college,male,0
